id,firstname,lastname,email,app
100,Cindelyn,Katrine,Cindelyn.Katrine@yopmail.com,True
101,Ezmeralda,Gladstone,Ezmeralda.Gladstone@yopmail.com,False
102,Tiffie,Buffum,Tiffie.Buffum@yopmail.com,False
103,Joy,Leifeste,Joy.Leifeste@yopmail.com,False
104,Max,Salvidor,Max.Salvidor@yopmail.com,True
105,Mallory,Raul,Mallory.Raul@yopmail.com,False
106,Lulita,Iphlgenia,Lulita.Iphlgenia@yopmail.com,True
107,Johna,Tryck,Johna.Tryck@yopmail.com,True
108,Roz,Kirbee,Roz.Kirbee@yopmail.com,True
109,Kalina,Medrek,Kalina.Medrek@yopmail.com,True
110,Tracey,Suk,Tracey.Suk@yopmail.com,True
111,Margalo,Herrera,Margalo.Herrera@yopmail.com,False
112,Moyna,Kermit,Moyna.Kermit@yopmail.com,False
113,Robbi,Dannye,Robbi.Dannye@yopmail.com,True
114,Corly,Socha,Corly.Socha@yopmail.com,True
115,Susan,Terencio,Susan.Terencio@yopmail.com,True
116,Tani,Ahab,Tani.Ahab@yopmail.com,False
117,Konstance,Rustice,Konstance.Rustice@yopmail.com,True
118,Joane,Presber,Joane.Presber@yopmail.com,False
119,Rori,Montgomery,Rori.Montgomery@yopmail.com,False
120,Pierette,Judye,Pierette.Judye@yopmail.com,True
121,Brietta,Bearnard,Brietta.Bearnard@yopmail.com,False
122,Gwyneth,Kamaria,Gwyneth.Kamaria@yopmail.com,True
123,Tybie,Dreda,Tybie.Dreda@yopmail.com,True
124,Coral,Sacken,Coral.Sacken@yopmail.com,False
125,Quintina,Sisile,Quintina.Sisile@yopmail.com,False
126,Dawn,Hepsibah,Dawn.Hepsibah@yopmail.com,False
127,Orsola,Trey,Orsola.Trey@yopmail.com,True
128,Molli,Whittaker,Molli.Whittaker@yopmail.com,False
129,Veda,Hertzfeld,Veda.Hertzfeld@yopmail.com,True
130,Drucie,Geffner,Drucie.Geffner@yopmail.com,False
131,Susette,Longfellow,Susette.Longfellow@yopmail.com,True
132,Charmaine,Burch,Charmaine.Burch@yopmail.com,False
133,Lenna,Bonilla,Lenna.Bonilla@yopmail.com,False
134,Jinny,Fredi,Jinny.Fredi@yopmail.com,True
135,Chickie,Warthman,Chickie.Warthman@yopmail.com,True
136,Cherrita,Lewes,Cherrita.Lewes@yopmail.com,True
137,Magdalena,Hamil,Magdalena.Hamil@yopmail.com,False
138,Ofilia,Kirbee,Ofilia.Kirbee@yopmail.com,True
139,Marjie,Rosalba,Marjie.Rosalba@yopmail.com,True
140,Sonni,Jehu,Sonni.Jehu@yopmail.com,True
141,Liana,Leler,Liana.Leler@yopmail.com,False
142,Stacey,Sasnett,Stacey.Sasnett@yopmail.com,False
143,Elsie,Frodi,Elsie.Frodi@yopmail.com,True
144,Charmaine,Abram,Charmaine.Abram@yopmail.com,False
145,Ana,Flita,Ana.Flita@yopmail.com,False
146,Tomasina,Adamsen,Tomasina.Adamsen@yopmail.com,True
147,Antonietta,Lucienne,Antonietta.Lucienne@yopmail.com,True
148,Olivette,Rossner,Olivette.Rossner@yopmail.com,False
149,Dari,Noam,Dari.Noam@yopmail.com,False
150,Corry,Campball,Corry.Campball@yopmail.com,True
151,Selma,Abram,Selma.Abram@yopmail.com,False
152,Robbi,Dielu,Robbi.Dielu@yopmail.com,True
153,Adriana,Ivens,Adriana.Ivens@yopmail.com,True
154,Ida,Ellord,Ida.Ellord@yopmail.com,True
155,Bernardine,Drisko,Bernardine.Drisko@yopmail.com,False
156,Nikki,Rosalba,Nikki.Rosalba@yopmail.com,False
157,Nita,Niles,Nita.Niles@yopmail.com,True
158,Carlie,Gwenore,Carlie.Gwenore@yopmail.com,True
159,Modestia,Syd,Modestia.Syd@yopmail.com,False
160,Catharine,Carri,Catharine.Carri@yopmail.com,False
161,Jordan,Deny,Jordan.Deny@yopmail.com,True
162,Krystle,Jethro,Krystle.Jethro@yopmail.com,True
163,Dyann,Ilka,Dyann.Ilka@yopmail.com,False
164,Jillayne,Goddard,Jillayne.Goddard@yopmail.com,True
165,Marcelline,Arne,Marcelline.Arne@yopmail.com,True
166,Reeba,Loleta,Reeba.Loleta@yopmail.com,False
167,Florie,Raimondo,Florie.Raimondo@yopmail.com,True
168,Shel,Montgomery,Shel.Montgomery@yopmail.com,False
169,Agathe,Palocz,Agathe.Palocz@yopmail.com,True
170,Eadie,Hamil,Eadie.Hamil@yopmail.com,False
171,Marleah,Chinua,Marleah.Chinua@yopmail.com,False
172,Flory,Arley,Flory.Arley@yopmail.com,True
173,Vivia,Chaing,Vivia.Chaing@yopmail.com,True
174,Harrietta,Anselmi,Harrietta.Anselmi@yopmail.com,True
175,Marinna,Yuille,Marinna.Yuille@yopmail.com,True
176,Lorenza,Chobot,Lorenza.Chobot@yopmail.com,False
177,Di,Clara,Di.Clara@yopmail.com,True
178,Elyssa,McGrody,Elyssa.McGrody@yopmail.com,True
179,Roberta,Ledah,Roberta.Ledah@yopmail.com,True
180,Yolane,Bates,Yolane.Bates@yopmail.com,True
181,Georgetta,Celestine,Georgetta.Celestine@yopmail.com,True
182,Laure,Raychel,Laure.Raychel@yopmail.com,True
183,Netty,Giule,Netty.Giule@yopmail.com,False
184,Ariela,Lumbard,Ariela.Lumbard@yopmail.com,False
185,Mamie,Guildroy,Mamie.Guildroy@yopmail.com,False
186,Lita,Kevon,Lita.Kevon@yopmail.com,True
187,Kaja,Markman,Kaja.Markman@yopmail.com,True
188,Lacie,Aurelio,Lacie.Aurelio@yopmail.com,False
189,Steffane,Rurik,Steffane.Rurik@yopmail.com,True
190,Dacia,Monk,Dacia.Monk@yopmail.com,True
191,Wynne,O'Carroll,Wynne.O'Carroll@yopmail.com,False
192,Robbi,McClimans,Robbi.McClimans@yopmail.com,False
193,Corry,Maryanne,Corry.Maryanne@yopmail.com,True
194,Johna,Libna,Johna.Libna@yopmail.com,True
195,Lorie,Primalia,Lorie.Primalia@yopmail.com,True
196,Gusella,Bakerman,Gusella.Bakerman@yopmail.com,True
197,Aigneis,Obed,Aigneis.Obed@yopmail.com,False
198,Vere,Kare,Vere.Kare@yopmail.com,True
199,Pearline,Read,Pearline.Read@yopmail.com,True
200,Karly,Anastatius,Karly.Anastatius@yopmail.com,False
201,Joane,Secrest,Joane.Secrest@yopmail.com,False
202,Daphne,Aida,Daphne.Aida@yopmail.com,False
203,Alex,Janith,Alex.Janith@yopmail.com,True
204,Layla,Lemuela,Layla.Lemuela@yopmail.com,False
205,Lisette,Susannah,Lisette.Susannah@yopmail.com,False
206,Charlena,Salchunas,Charlena.Salchunas@yopmail.com,False
207,Minda,Janith,Minda.Janith@yopmail.com,True
208,Concettina,Daegal,Concettina.Daegal@yopmail.com,True
209,Coral,Jobi,Coral.Jobi@yopmail.com,True
210,Bernardine,Presber,Bernardine.Presber@yopmail.com,True
211,Paulita,Halla,Paulita.Halla@yopmail.com,False
212,Celestyna,Aida,Celestyna.Aida@yopmail.com,False
213,Gratia,Audly,Gratia.Audly@yopmail.com,False
214,Daryl,Tybald,Daryl.Tybald@yopmail.com,False
215,Blondelle,Candy,Blondelle.Candy@yopmail.com,True
216,Pamella,Milson,Pamella.Milson@yopmail.com,True
217,Rayna,Morrill,Rayna.Morrill@yopmail.com,True
218,Sallie,Stelle,Sallie.Stelle@yopmail.com,False
219,Elise,Sheng,Elise.Sheng@yopmail.com,False
220,Oralee,Krystle,Oralee.Krystle@yopmail.com,True
221,Charmaine,Toni,Charmaine.Toni@yopmail.com,False
222,Heddie,Wareing,Heddie.Wareing@yopmail.com,True
223,Sibella,Cohdwell,Sibella.Cohdwell@yopmail.com,True
224,Teddie,Dichy,Teddie.Dichy@yopmail.com,False
225,Kara-Lynn,Cressida,Kara-Lynn.Cressida@yopmail.com,True
226,Concettina,Leler,Concettina.Leler@yopmail.com,True
227,Brooks,Jary,Brooks.Jary@yopmail.com,False
228,Cathie,Azeria,Cathie.Azeria@yopmail.com,True
229,Mallory,Madelene,Mallory.Madelene@yopmail.com,False
230,Keelia,Esmaria,Keelia.Esmaria@yopmail.com,False
231,Melodie,Donell,Melodie.Donell@yopmail.com,True
232,Maryellen,Harned,Maryellen.Harned@yopmail.com,False
233,Verla,Chick,Verla.Chick@yopmail.com,False
234,Bernie,Jeanne,Bernie.Jeanne@yopmail.com,False
235,Christy,Publia,Christy.Publia@yopmail.com,True
236,Gretal,Dyche,Gretal.Dyche@yopmail.com,False
237,Tobe,Gabrielli,Tobe.Gabrielli@yopmail.com,False
238,Cherrita,Erb,Cherrita.Erb@yopmail.com,True
239,Camile,Kylander,Camile.Kylander@yopmail.com,False
240,Hope,Emmaline,Hope.Emmaline@yopmail.com,True
241,Loree,Sallyann,Loree.Sallyann@yopmail.com,True
242,Aubrie,Skurnik,Aubrie.Skurnik@yopmail.com,True
243,Eolanda,Lia,Eolanda.Lia@yopmail.com,False
244,Gabi,Margret,Gabi.Margret@yopmail.com,False
245,Devina,Jary,Devina.Jary@yopmail.com,False
246,Nanete,Sancho,Nanete.Sancho@yopmail.com,False
247,June,Engdahl,June.Engdahl@yopmail.com,True
248,Marika,Lilas,Marika.Lilas@yopmail.com,True
249,Oralee,Sancho,Oralee.Sancho@yopmail.com,False
250,Darci,Jacinda,Darci.Jacinda@yopmail.com,False
251,Flory,Dulciana,Flory.Dulciana@yopmail.com,False
252,Daryl,Imelida,Daryl.Imelida@yopmail.com,True
253,Jessy,Libna,Jessy.Libna@yopmail.com,False
254,Lindie,Rossner,Lindie.Rossner@yopmail.com,False
255,Melanie,Randene,Melanie.Randene@yopmail.com,False
256,Mathilda,Bury,Mathilda.Bury@yopmail.com,False
257,Dacia,Hamil,Dacia.Hamil@yopmail.com,False
258,Bobbi,Lynn,Bobbi.Lynn@yopmail.com,True
259,Jacquetta,Miru,Jacquetta.Miru@yopmail.com,False
260,Harmonia,Faso,Harmonia.Faso@yopmail.com,True
261,Arabel,Bebe,Arabel.Bebe@yopmail.com,True
262,Jacquetta,Callista,Jacquetta.Callista@yopmail.com,True
263,Chandra,Ludewig,Chandra.Ludewig@yopmail.com,False
264,Bill,Raychel,Bill.Raychel@yopmail.com,True
265,Tobe,Douglass,Tobe.Douglass@yopmail.com,True
266,Lenna,Kare,Lenna.Kare@yopmail.com,False
267,Patricia,Thar,Patricia.Thar@yopmail.com,False
268,Lyssa,Aldric,Lyssa.Aldric@yopmail.com,True
269,Lulita,Skell,Lulita.Skell@yopmail.com,False
270,Frank,Lymann,Frank.Lymann@yopmail.com,False
271,Damaris,Doig,Damaris.Doig@yopmail.com,False
272,Gabriellia,Harday,Gabriellia.Harday@yopmail.com,False
273,Shaylyn,Emanuel,Shaylyn.Emanuel@yopmail.com,False
274,Isa,Swanhildas,Isa.Swanhildas@yopmail.com,False
275,Kirstin,Soneson,Kirstin.Soneson@yopmail.com,False
276,Melina,Sidonius,Melina.Sidonius@yopmail.com,False
277,Nonnah,Arvo,Nonnah.Arvo@yopmail.com,True
278,Jeanna,Chauncey,Jeanna.Chauncey@yopmail.com,True
279,Genevra,Mintz,Genevra.Mintz@yopmail.com,True
280,Maisey,Nedrud,Maisey.Nedrud@yopmail.com,False
281,Juliane,Korey,Juliane.Korey@yopmail.com,False
282,Sean,Peg,Sean.Peg@yopmail.com,False
283,Sashenka,Therine,Sashenka.Therine@yopmail.com,False
284,Lucille,Anyah,Lucille.Anyah@yopmail.com,True
285,Debee,Lissi,Debee.Lissi@yopmail.com,True
286,Celestyna,Heidt,Celestyna.Heidt@yopmail.com,True
287,Bernie,Vacuva,Bernie.Vacuva@yopmail.com,True
288,Reeba,Uird,Reeba.Uird@yopmail.com,False
289,Blake,Honoria,Blake.Honoria@yopmail.com,True
290,Vevay,Center,Vevay.Center@yopmail.com,True
291,Renae,Gower,Renae.Gower@yopmail.com,True
292,Marita,Faso,Marita.Faso@yopmail.com,True
293,Alameda,Dunkin,Alameda.Dunkin@yopmail.com,True
294,Bobinette,Uund,Bobinette.Uund@yopmail.com,True
295,Raina,Standing,Raina.Standing@yopmail.com,False
296,Lynde,Atonsah,Lynde.Atonsah@yopmail.com,True
297,Pollyanna,Quent,Pollyanna.Quent@yopmail.com,True
298,Oralee,Oscar,Oralee.Oscar@yopmail.com,False
299,Karolina,Lesley,Karolina.Lesley@yopmail.com,False
300,Coral,Weitman,Coral.Weitman@yopmail.com,False
301,Peri,Medrek,Peri.Medrek@yopmail.com,False
302,Jobi,Fry,Jobi.Fry@yopmail.com,True
303,Katleen,Jaylene,Katleen.Jaylene@yopmail.com,True
304,Stevana,My,Stevana.My@yopmail.com,True
305,Ketti,Screens,Ketti.Screens@yopmail.com,False
306,Carol-Jean,Winthorpe,Carol-Jean.Winthorpe@yopmail.com,False
307,Hermione,Docilla,Hermione.Docilla@yopmail.com,True
308,Cristabel,Harned,Cristabel.Harned@yopmail.com,False
309,Rori,Jagir,Rori.Jagir@yopmail.com,False
310,Danika,Trey,Danika.Trey@yopmail.com,True
311,Elora,Grayce,Elora.Grayce@yopmail.com,True
312,Candy,Aida,Candy.Aida@yopmail.com,True
313,Melanie,Ries,Melanie.Ries@yopmail.com,True
314,Leanna,Saint,Leanna.Saint@yopmail.com,True
315,Gertrud,Kimmie,Gertrud.Kimmie@yopmail.com,True
316,Teriann,Kelula,Teriann.Kelula@yopmail.com,True
317,Goldie,Berne,Goldie.Berne@yopmail.com,True
318,Kristan,Middleton,Kristan.Middleton@yopmail.com,False
319,Therine,Mendez,Therine.Mendez@yopmail.com,False
320,Karena,Georgy,Karena.Georgy@yopmail.com,True
321,Jolyn,Nerita,Jolyn.Nerita@yopmail.com,True
322,Gilligan,Maiah,Gilligan.Maiah@yopmail.com,False
323,Grier,Bluh,Grier.Bluh@yopmail.com,False
324,Clementine,Capello,Clementine.Capello@yopmail.com,True
325,Debee,Blase,Debee.Blase@yopmail.com,True
326,Karolina,Chick,Karolina.Chick@yopmail.com,True
327,Myrtice,Han,Myrtice.Han@yopmail.com,False
328,Shel,Greyson,Shel.Greyson@yopmail.com,False
329,Mallory,Drisko,Mallory.Drisko@yopmail.com,True
330,Dominga,Latini,Dominga.Latini@yopmail.com,True
331,Glenda,Dalli,Glenda.Dalli@yopmail.com,False
332,Ninnetta,Erich,Ninnetta.Erich@yopmail.com,False
333,Hermione,LaRue,Hermione.LaRue@yopmail.com,True
334,Nicoli,Wattenberg,Nicoli.Wattenberg@yopmail.com,False
335,Pierette,Aida,Pierette.Aida@yopmail.com,False
336,Therine,Chapland,Therine.Chapland@yopmail.com,False
337,Helsa,Bouchard,Helsa.Bouchard@yopmail.com,True
338,Katleen,Longfellow,Katleen.Longfellow@yopmail.com,True
339,Eolanda,Hubert,Eolanda.Hubert@yopmail.com,True
340,Alejandra,Adamsen,Alejandra.Adamsen@yopmail.com,True
341,Aimil,LaRue,Aimil.LaRue@yopmail.com,True
342,Harrietta,Travax,Harrietta.Travax@yopmail.com,True
343,Patricia,Ventre,Patricia.Ventre@yopmail.com,True
344,Christy,Eiser,Christy.Eiser@yopmail.com,False
345,Christy,Tatianas,Christy.Tatianas@yopmail.com,False
346,Gratia,Capello,Gratia.Capello@yopmail.com,True
347,Peri,Hieronymus,Peri.Hieronymus@yopmail.com,False
348,Mellicent,Karylin,Mellicent.Karylin@yopmail.com,True
349,Hettie,Bibi,Hettie.Bibi@yopmail.com,True
350,Harrietta,Kannry,Harrietta.Kannry@yopmail.com,False
351,Bobbi,Septima,Bobbi.Septima@yopmail.com,True
352,Letizia,Arathorn,Letizia.Arathorn@yopmail.com,True
353,Mellicent,Jammal,Mellicent.Jammal@yopmail.com,False
354,Dorthy,Chabot,Dorthy.Chabot@yopmail.com,False
355,Diena,Abbot,Diena.Abbot@yopmail.com,False
356,Ricky,Warthman,Ricky.Warthman@yopmail.com,True
357,Gwenneth,Celestine,Gwenneth.Celestine@yopmail.com,False
358,Brana,Destinee,Brana.Destinee@yopmail.com,False
359,Robbi,Abbot,Robbi.Abbot@yopmail.com,True
360,Esmeralda,Vastah,Esmeralda.Vastah@yopmail.com,True
361,Veda,Joseph,Veda.Joseph@yopmail.com,False
362,Brana,Audly,Brana.Audly@yopmail.com,False
363,Max,Phyllis,Max.Phyllis@yopmail.com,True
364,Kial,Ursulette,Kial.Ursulette@yopmail.com,False
365,Merci,Darbie,Merci.Darbie@yopmail.com,True
366,Yolane,Delacourt,Yolane.Delacourt@yopmail.com,True
367,Cecile,Faso,Cecile.Faso@yopmail.com,False
368,Yolane,Iiette,Yolane.Iiette@yopmail.com,True
369,Peri,Hollingsworth,Peri.Hollingsworth@yopmail.com,True
370,Philis,Maroney,Philis.Maroney@yopmail.com,False
371,Cam,Ellord,Cam.Ellord@yopmail.com,True
372,Rayna,Kendrick,Rayna.Kendrick@yopmail.com,False
373,Celisse,Maroney,Celisse.Maroney@yopmail.com,True
374,Carlie,Docilla,Carlie.Docilla@yopmail.com,True
375,Renae,Ummersen,Renae.Ummersen@yopmail.com,False
376,Clementine,Shirberg,Clementine.Shirberg@yopmail.com,False
377,Janeczka,Jess,Janeczka.Jess@yopmail.com,False
378,Bertine,Merat,Bertine.Merat@yopmail.com,True
379,Arabel,Cyrie,Arabel.Cyrie@yopmail.com,False
380,Quintina,Kathie,Quintina.Kathie@yopmail.com,True
381,Charissa,Nelsen,Charissa.Nelsen@yopmail.com,False
382,Lelah,Hillel,Lelah.Hillel@yopmail.com,True
383,Andeee,Hepsibah,Andeee.Hepsibah@yopmail.com,False
384,Goldie,Graig,Goldie.Graig@yopmail.com,True
385,Kelly,Read,Kelly.Read@yopmail.com,False
386,Lita,Charity,Lita.Charity@yopmail.com,False
387,Alie,Grobe,Alie.Grobe@yopmail.com,False
388,Emmey,Lane,Emmey.Lane@yopmail.com,False
389,Lolita,Secrest,Lolita.Secrest@yopmail.com,False
390,Eugine,Baptlsta,Eugine.Baptlsta@yopmail.com,True
391,Queenie,Hertzfeld,Queenie.Hertzfeld@yopmail.com,True
392,Keelia,Florina,Keelia.Florina@yopmail.com,True
393,Roberta,Maiah,Roberta.Maiah@yopmail.com,True
394,Jenda,Kunin,Jenda.Kunin@yopmail.com,False
395,Nanete,Huggins,Nanete.Huggins@yopmail.com,False
396,Eve,Land,Eve.Land@yopmail.com,True
397,Dorice,Eliathas,Dorice.Eliathas@yopmail.com,False
398,Pollyanna,Kermit,Pollyanna.Kermit@yopmail.com,False
399,Wanda,Gaynor,Wanda.Gaynor@yopmail.com,True
400,Dulcinea,Emmaline,Dulcinea.Emmaline@yopmail.com,False
401,Damaris,Revkah,Damaris.Revkah@yopmail.com,True
402,Ketti,Peonir,Ketti.Peonir@yopmail.com,False
403,Georgina,Sophronia,Georgina.Sophronia@yopmail.com,False
404,Marleah,Pozzy,Marleah.Pozzy@yopmail.com,True
405,Doro,Linskey,Doro.Linskey@yopmail.com,True
406,Jobi,Munn,Jobi.Munn@yopmail.com,False
407,Joleen,Carolin,Joleen.Carolin@yopmail.com,True
408,Valera,Ethban,Valera.Ethban@yopmail.com,True
409,Heddie,Pattin,Heddie.Pattin@yopmail.com,True
410,Katuscha,Yerkovich,Katuscha.Yerkovich@yopmail.com,False
411,Sindee,Sinegold,Sindee.Sinegold@yopmail.com,True
412,Mamie,Behre,Mamie.Behre@yopmail.com,True
413,Evaleen,Dalli,Evaleen.Dalli@yopmail.com,False
414,Katharina,Janene,Katharina.Janene@yopmail.com,True
415,Brandise,Corrine,Brandise.Corrine@yopmail.com,False
416,Yvonne,Cherianne,Yvonne.Cherianne@yopmail.com,True
417,Alisha,Beebe,Alisha.Beebe@yopmail.com,False
418,Kirbee,Adamsen,Kirbee.Adamsen@yopmail.com,True
419,Anthia,Hathaway,Anthia.Hathaway@yopmail.com,True
420,Georgina,Maroney,Georgina.Maroney@yopmail.com,False
421,Corene,Garbe,Corene.Garbe@yopmail.com,True
422,Teriann,Ortrude,Teriann.Ortrude@yopmail.com,True
423,Lindie,Peg,Lindie.Peg@yopmail.com,False
424,Phedra,Donell,Phedra.Donell@yopmail.com,True
425,Rosaline,Myrilla,Rosaline.Myrilla@yopmail.com,True
426,Iseabal,Joachim,Iseabal.Joachim@yopmail.com,False
427,Cathie,Marisa,Cathie.Marisa@yopmail.com,True
428,Yvonne,Arvo,Yvonne.Arvo@yopmail.com,False
429,Edee,Magnolia,Edee.Magnolia@yopmail.com,False
430,Alisha,Ardeha,Alisha.Ardeha@yopmail.com,False
431,Barbara,Lissi,Barbara.Lissi@yopmail.com,True
432,Sheree,Ietta,Sheree.Ietta@yopmail.com,False
433,Maye,McLaughlin,Maye.McLaughlin@yopmail.com,False
434,Teriann,Lorenz,Teriann.Lorenz@yopmail.com,False
435,Daune,Secrest,Daune.Secrest@yopmail.com,False
436,Jackie,Fennessy,Jackie.Fennessy@yopmail.com,False
437,Vita,Goddard,Vita.Goddard@yopmail.com,False
438,Shannah,Charity,Shannah.Charity@yopmail.com,False
439,Orsola,Campball,Orsola.Campball@yopmail.com,False
440,Kerrin,Seagraves,Kerrin.Seagraves@yopmail.com,False
441,Lizzie,Schenck,Lizzie.Schenck@yopmail.com,True
442,Lorne,Haldas,Lorne.Haldas@yopmail.com,True
443,Sheree,Bord,Sheree.Bord@yopmail.com,True
444,Leia,Jefferey,Leia.Jefferey@yopmail.com,False
445,Violet,Adlare,Violet.Adlare@yopmail.com,True
446,Sandie,Mata,Sandie.Mata@yopmail.com,True
447,Sidoney,Miru,Sidoney.Miru@yopmail.com,True
448,Millie,Leffen,Millie.Leffen@yopmail.com,False
449,Dorothy,Woodberry,Dorothy.Woodberry@yopmail.com,False
450,Trudie,Trace,Trudie.Trace@yopmail.com,False
451,Sharai,Chauncey,Sharai.Chauncey@yopmail.com,True
452,Jorry,Carri,Jorry.Carri@yopmail.com,False
453,Kimmy,Liebermann,Kimmy.Liebermann@yopmail.com,True
454,Yetty,Bendick,Yetty.Bendick@yopmail.com,False
455,Melisent,Crudden,Melisent.Crudden@yopmail.com,True
456,Margalo,Vernier,Margalo.Vernier@yopmail.com,False
457,Jenilee,Alejoa,Jenilee.Alejoa@yopmail.com,True
458,Barbara,Robertson,Barbara.Robertson@yopmail.com,True
459,Gilda,Eldrid,Gilda.Eldrid@yopmail.com,False
460,Talya,Liebermann,Talya.Liebermann@yopmail.com,True
461,Stephanie,Goode,Stephanie.Goode@yopmail.com,False
462,Gusty,Desai,Gusty.Desai@yopmail.com,True
463,Lila,Bryna,Lila.Bryna@yopmail.com,False
464,Desirae,Florina,Desirae.Florina@yopmail.com,True
465,Aili,Hazlett,Aili.Hazlett@yopmail.com,True
466,Bibby,Geffner,Bibby.Geffner@yopmail.com,False
467,Coral,Engdahl,Coral.Engdahl@yopmail.com,True
468,Dacia,Valoniah,Dacia.Valoniah@yopmail.com,True
469,Gloria,Sherfield,Gloria.Sherfield@yopmail.com,True
470,Catharine,Kress,Catharine.Kress@yopmail.com,False
471,Angelique,Yoko,Angelique.Yoko@yopmail.com,True
472,Melanie,Colleen,Melanie.Colleen@yopmail.com,False
473,Celestyna,Old,Celestyna.Old@yopmail.com,False
474,Florie,Vernier,Florie.Vernier@yopmail.com,False
475,Jerry,Marcellus,Jerry.Marcellus@yopmail.com,False
476,Kylynn,An,Kylynn.An@yopmail.com,True
477,Cristabel,Chandler,Cristabel.Chandler@yopmail.com,False
478,Flory,Gregrory,Flory.Gregrory@yopmail.com,True
479,Taffy,Phi,Taffy.Phi@yopmail.com,True
480,Keelia,Camden,Keelia.Camden@yopmail.com,False
481,Mary,Leffen,Mary.Leffen@yopmail.com,True
482,Florencia,Kazimir,Florencia.Kazimir@yopmail.com,False
483,Kara-Lynn,Wenoa,Kara-Lynn.Wenoa@yopmail.com,False
484,Blondelle,Killigrew,Blondelle.Killigrew@yopmail.com,False
485,Zsa Zsa,Lipson,Zsa Zsa.Lipson@yopmail.com,False
486,Concettina,Himelman,Concettina.Himelman@yopmail.com,True
487,Melina,Hazlett,Melina.Hazlett@yopmail.com,False
488,Kylynn,Vorster,Kylynn.Vorster@yopmail.com,False
489,Asia,Morrill,Asia.Morrill@yopmail.com,False
490,Alejandra,Colyer,Alejandra.Colyer@yopmail.com,True
491,Ginnie,Paine,Ginnie.Paine@yopmail.com,False
492,Fawne,Guthrie,Fawne.Guthrie@yopmail.com,True
493,Almeta,Mandler,Almeta.Mandler@yopmail.com,True
494,Brynna,Katrine,Brynna.Katrine@yopmail.com,True
495,Addia,Lauraine,Addia.Lauraine@yopmail.com,True
496,Alejandra,Weitman,Alejandra.Weitman@yopmail.com,False
497,Roslyn,Ailyn,Roslyn.Ailyn@yopmail.com,False
498,Nollie,Ralfston,Nollie.Ralfston@yopmail.com,False
499,Margette,Sisile,Margette.Sisile@yopmail.com,False
500,Kristan,Croix,Kristan.Croix@yopmail.com,False
501,Sam,Voletta,Sam.Voletta@yopmail.com,False
502,Caritta,Susannah,Caritta.Susannah@yopmail.com,True
503,Deloria,Adamsen,Deloria.Adamsen@yopmail.com,True
504,Ana,Maisey,Ana.Maisey@yopmail.com,True
505,Christy,Heisel,Christy.Heisel@yopmail.com,True
506,Clarice,Dom,Clarice.Dom@yopmail.com,True
507,Karly,Keily,Karly.Keily@yopmail.com,True
508,Phylis,Lymann,Phylis.Lymann@yopmail.com,True
509,Harrietta,Philoo,Harrietta.Philoo@yopmail.com,True
510,Nyssa,Egbert,Nyssa.Egbert@yopmail.com,True
511,Meriel,Marisa,Meriel.Marisa@yopmail.com,True
512,Lauryn,Dimitris,Lauryn.Dimitris@yopmail.com,False
513,Lilith,Garrison,Lilith.Garrison@yopmail.com,False
514,Reeba,Raychel,Reeba.Raychel@yopmail.com,False
515,Zia,Donoghue,Zia.Donoghue@yopmail.com,True
516,Yolane,Hepsibah,Yolane.Hepsibah@yopmail.com,True
517,Candy,Lory,Candy.Lory@yopmail.com,False
518,Alameda,Abernon,Alameda.Abernon@yopmail.com,True
519,Cherrita,Smitt,Cherrita.Smitt@yopmail.com,False
520,Alex,Fontana,Alex.Fontana@yopmail.com,False
521,Anthia,Gusella,Anthia.Gusella@yopmail.com,False
522,Deedee,Sophronia,Deedee.Sophronia@yopmail.com,False
523,Ada,Shuler,Ada.Shuler@yopmail.com,True
524,Elise,Peti,Elise.Peti@yopmail.com,False
525,Karly,Zamora,Karly.Zamora@yopmail.com,True
526,Dode,Hourigan,Dode.Hourigan@yopmail.com,False
527,Genovera,Daegal,Genovera.Daegal@yopmail.com,True
528,Amara,Ellord,Amara.Ellord@yopmail.com,True
529,Magdalena,Baylor,Magdalena.Baylor@yopmail.com,False
530,Dacia,Roscoe,Dacia.Roscoe@yopmail.com,True
531,Rozele,Pyle,Rozele.Pyle@yopmail.com,False
532,Raf,Aldric,Raf.Aldric@yopmail.com,False
533,Lory,Bord,Lory.Bord@yopmail.com,False
534,Tera,Kauppi,Tera.Kauppi@yopmail.com,True
535,Vanessa,Lymann,Vanessa.Lymann@yopmail.com,False
536,Lizzie,Shields,Lizzie.Shields@yopmail.com,False
537,Alyssa,Herrera,Alyssa.Herrera@yopmail.com,True
538,Jinny,Georgy,Jinny.Georgy@yopmail.com,False
539,Monika,Delacourt,Monika.Delacourt@yopmail.com,True
540,Tori,Laverne,Tori.Laverne@yopmail.com,True
541,Chere,Blake,Chere.Blake@yopmail.com,True
542,Alejandra,Marisa,Alejandra.Marisa@yopmail.com,True
543,Inga,Parette,Inga.Parette@yopmail.com,True
544,Gavrielle,Grimbly,Gavrielle.Grimbly@yopmail.com,False
545,Evaleen,Greenwald,Evaleen.Greenwald@yopmail.com,False
546,Aigneis,Mandler,Aigneis.Mandler@yopmail.com,True
547,Violet,Sancho,Violet.Sancho@yopmail.com,True
548,Jinny,Federica,Jinny.Federica@yopmail.com,False
549,Lonnie,Ramona,Lonnie.Ramona@yopmail.com,True
550,Wendi,Jalbert,Wendi.Jalbert@yopmail.com,False
551,Queenie,Klotz,Queenie.Klotz@yopmail.com,True
552,Dagmar,Weide,Dagmar.Weide@yopmail.com,True
553,Maisey,Kussell,Maisey.Kussell@yopmail.com,True
554,Candi,Goldina,Candi.Goldina@yopmail.com,False
555,Ketti,Emmaline,Ketti.Emmaline@yopmail.com,True
556,Dede,Ludewig,Dede.Ludewig@yopmail.com,True
557,Alejandra,Gombach,Alejandra.Gombach@yopmail.com,False
558,Desirae,Helfand,Desirae.Helfand@yopmail.com,False
559,Kore,Mullane,Kore.Mullane@yopmail.com,False
560,Paulita,Dominy,Paulita.Dominy@yopmail.com,True
561,Britni,Rugen,Britni.Rugen@yopmail.com,False
562,Kary,My,Kary.My@yopmail.com,False
563,Violet,Friede,Violet.Friede@yopmail.com,False
564,Jobi,Rozanna,Jobi.Rozanna@yopmail.com,True
565,Isa,Silvan,Isa.Silvan@yopmail.com,True
566,Renae,Waite,Renae.Waite@yopmail.com,False
567,Bernie,Freddi,Bernie.Freddi@yopmail.com,True
568,Zaria,Audly,Zaria.Audly@yopmail.com,False
569,Aili,Burnside,Aili.Burnside@yopmail.com,True
570,Charlena,Pyle,Charlena.Pyle@yopmail.com,True
571,Silvana,Jagir,Silvana.Jagir@yopmail.com,False
572,Mariann,Ortrude,Mariann.Ortrude@yopmail.com,False
573,Gusty,Melan,Gusty.Melan@yopmail.com,False
574,Phedra,Maryanne,Phedra.Maryanne@yopmail.com,False
575,Lonnie,Cleo,Lonnie.Cleo@yopmail.com,False
576,Elka,Ahab,Elka.Ahab@yopmail.com,False
577,Paulita,Wu,Paulita.Wu@yopmail.com,False
578,Oona,Greyson,Oona.Greyson@yopmail.com,False
579,Minda,Dichy,Minda.Dichy@yopmail.com,False
580,Romona,Candy,Romona.Candy@yopmail.com,False
581,Ofilia,Maiah,Ofilia.Maiah@yopmail.com,False
582,Hallie,Eckblad,Hallie.Eckblad@yopmail.com,True
583,Jean,Faro,Jean.Faro@yopmail.com,False
584,Shirlee,Laverne,Shirlee.Laverne@yopmail.com,True
585,Catrina,Noman,Catrina.Noman@yopmail.com,True
586,Beth,Barney,Beth.Barney@yopmail.com,True
587,Berta,Goode,Berta.Goode@yopmail.com,True
588,Roz,Stav,Roz.Stav@yopmail.com,True
589,Bobbi,Gert,Bobbi.Gert@yopmail.com,True
590,Heddie,Markman,Heddie.Markman@yopmail.com,False
591,Phylis,Bouchard,Phylis.Bouchard@yopmail.com,False
592,Jerry,Martguerita,Jerry.Martguerita@yopmail.com,False
593,Henriette,Gilbertson,Henriette.Gilbertson@yopmail.com,True
594,Arabel,Ortrude,Arabel.Ortrude@yopmail.com,True
595,Melodie,Gower,Melodie.Gower@yopmail.com,True
596,Jeanna,Socha,Jeanna.Socha@yopmail.com,True
597,Winny,Kosey,Winny.Kosey@yopmail.com,False
598,Silvana,Gemini,Silvana.Gemini@yopmail.com,False
599,Emelina,Edee,Emelina.Edee@yopmail.com,False
600,Deirdre,Dalli,Deirdre.Dalli@yopmail.com,False
601,Randa,Marcellus,Randa.Marcellus@yopmail.com,True
602,Dorice,Carmena,Dorice.Carmena@yopmail.com,True
603,Marleah,Saint,Marleah.Saint@yopmail.com,True
604,Elka,Dom,Elka.Dom@yopmail.com,True
605,Queenie,Tice,Queenie.Tice@yopmail.com,True
606,Joceline,Natica,Joceline.Natica@yopmail.com,False
607,Janenna,Phyllis,Janenna.Phyllis@yopmail.com,False
608,Cathie,Bethany,Cathie.Bethany@yopmail.com,True
609,Elvira,Lindemann,Elvira.Lindemann@yopmail.com,False
610,Gale,Rudolph,Gale.Rudolph@yopmail.com,False
611,Roz,Anyah,Roz.Anyah@yopmail.com,True
612,Nananne,Gavrila,Nananne.Gavrila@yopmail.com,True
613,Marita,Corilla,Marita.Corilla@yopmail.com,True
614,Kimberley,Hylan,Kimberley.Hylan@yopmail.com,True
615,Jillayne,Pettiford,Jillayne.Pettiford@yopmail.com,True
616,Annecorinne,Fiann,Annecorinne.Fiann@yopmail.com,True
617,Britni,Fiann,Britni.Fiann@yopmail.com,True
618,Dulce,Carey,Dulce.Carey@yopmail.com,True
619,Roseline,Crudden,Roseline.Crudden@yopmail.com,True
620,Beth,Persse,Beth.Persse@yopmail.com,True
621,Fawne,Sabella,Fawne.Sabella@yopmail.com,True
622,Siana,Obed,Siana.Obed@yopmail.com,True
623,Phylis,Joachim,Phylis.Joachim@yopmail.com,False
624,Deloria,Magnolia,Deloria.Magnolia@yopmail.com,True
625,Susan,Terrence,Susan.Terrence@yopmail.com,True
626,Ericka,Krystle,Ericka.Krystle@yopmail.com,True
627,Darci,Wenda,Darci.Wenda@yopmail.com,False
628,Korrie,Mandler,Korrie.Mandler@yopmail.com,True
629,Kaia,Toor,Kaia.Toor@yopmail.com,False
630,Madeleine,Idelia,Madeleine.Idelia@yopmail.com,True
631,Meghann,Arley,Meghann.Arley@yopmail.com,True
632,Florie,Malina,Florie.Malina@yopmail.com,True
633,Frank,Nore,Frank.Nore@yopmail.com,False
634,Ayn,Brodench,Ayn.Brodench@yopmail.com,False
635,Shannah,Karl,Shannah.Karl@yopmail.com,True
636,Celisse,Ailyn,Celisse.Ailyn@yopmail.com,False
637,Tonia,Anyah,Tonia.Anyah@yopmail.com,True
638,Nicoli,Joeann,Nicoli.Joeann@yopmail.com,False
639,Arabel,Smitt,Arabel.Smitt@yopmail.com,True
640,Ekaterina,Huggins,Ekaterina.Huggins@yopmail.com,False
641,Annora,Nicoline,Annora.Nicoline@yopmail.com,False
642,Christian,Secrest,Christian.Secrest@yopmail.com,True
643,Abbie,Cutlerr,Abbie.Cutlerr@yopmail.com,True
644,Glenda,Berriman,Glenda.Berriman@yopmail.com,True
645,Dianemarie,Buttaro,Dianemarie.Buttaro@yopmail.com,False
646,Letizia,Hanshaw,Letizia.Hanshaw@yopmail.com,False
647,Joy,Chick,Joy.Chick@yopmail.com,False
648,Ketti,Belanger,Ketti.Belanger@yopmail.com,True
649,Joeann,Klemperer,Joeann.Klemperer@yopmail.com,True
650,Julieta,Eben,Julieta.Eben@yopmail.com,False
651,Mallory,Codding,Mallory.Codding@yopmail.com,False
652,Dulce,Elbertina,Dulce.Elbertina@yopmail.com,False
653,Ronna,Anastatius,Ronna.Anastatius@yopmail.com,True
654,Clary,Anis,Clary.Anis@yopmail.com,True
655,Sharlene,Naor,Sharlene.Naor@yopmail.com,True
656,Janey,Gwenore,Janey.Gwenore@yopmail.com,True
657,Noelle,Shuler,Noelle.Shuler@yopmail.com,False
658,Angelique,Suanne,Angelique.Suanne@yopmail.com,False
659,Tamqrah,Zola,Tamqrah.Zola@yopmail.com,True
660,Chloris,Zuzana,Chloris.Zuzana@yopmail.com,False
661,Wynne,Sperling,Wynne.Sperling@yopmail.com,False
662,Renie,Dominy,Renie.Dominy@yopmail.com,False
663,Glenda,Christal,Glenda.Christal@yopmail.com,True
664,Layla,Raffo,Layla.Raffo@yopmail.com,True
665,Marnia,Burch,Marnia.Burch@yopmail.com,True
666,Rori,Atonsah,Rori.Atonsah@yopmail.com,False
667,Joleen,Bibi,Joleen.Bibi@yopmail.com,False
668,Vevay,Suanne,Vevay.Suanne@yopmail.com,False
669,Odessa,Richers,Odessa.Richers@yopmail.com,False
670,Philis,Knowling,Philis.Knowling@yopmail.com,True
671,Mahalia,Pyle,Mahalia.Pyle@yopmail.com,True
672,Celisse,Noam,Celisse.Noam@yopmail.com,False
673,Marti,Kathie,Marti.Kathie@yopmail.com,True
674,Ardys,Yuille,Ardys.Yuille@yopmail.com,False
675,Eolanda,Gavrila,Eolanda.Gavrila@yopmail.com,True
676,Imojean,Koziara,Imojean.Koziara@yopmail.com,False
677,Veda,Diogenes,Veda.Diogenes@yopmail.com,False
678,Babita,Quinn,Babita.Quinn@yopmail.com,False
679,Candy,Hilbert,Candy.Hilbert@yopmail.com,False
680,Ellette,Susannah,Ellette.Susannah@yopmail.com,True
681,Amara,Mich,Amara.Mich@yopmail.com,True
682,Ariela,Jacinda,Ariela.Jacinda@yopmail.com,False
683,Dale,Hanleigh,Dale.Hanleigh@yopmail.com,False
684,Ayn,Fairweather,Ayn.Fairweather@yopmail.com,False
685,Noelle,Heidt,Noelle.Heidt@yopmail.com,False
686,Tami,Koehler,Tami.Koehler@yopmail.com,False
687,Alyda,Uird,Alyda.Uird@yopmail.com,False
688,Mahalia,Stuart,Mahalia.Stuart@yopmail.com,True
689,Jeanna,Edee,Jeanna.Edee@yopmail.com,False
690,Alleen,Terrence,Alleen.Terrence@yopmail.com,False
691,Brynna,Fleeta,Brynna.Fleeta@yopmail.com,True
692,Orelia,Bennie,Orelia.Bennie@yopmail.com,False
693,Hannis,Desai,Hannis.Desai@yopmail.com,True
694,Frieda,Gwenore,Frieda.Gwenore@yopmail.com,True
695,Lolita,Travax,Lolita.Travax@yopmail.com,True
696,Wendi,Baudin,Wendi.Baudin@yopmail.com,True
697,Elsie,Lesley,Elsie.Lesley@yopmail.com,True
698,Harrietta,Alice,Harrietta.Alice@yopmail.com,True
699,Sibella,Euridice,Sibella.Euridice@yopmail.com,False
700,Hollie,Sibyls,Hollie.Sibyls@yopmail.com,True
701,Zia,Kamaria,Zia.Kamaria@yopmail.com,False
702,Anestassia,Gino,Anestassia.Gino@yopmail.com,True
703,Sissy,Bibi,Sissy.Bibi@yopmail.com,True
704,Lusa,Erlandson,Lusa.Erlandson@yopmail.com,False
705,Vivia,Colp,Vivia.Colp@yopmail.com,False
706,Ursulina,Dreda,Ursulina.Dreda@yopmail.com,True
707,Dania,Konyn,Dania.Konyn@yopmail.com,False
708,Pierette,Gregrory,Pierette.Gregrory@yopmail.com,True
709,Belinda,Etom,Belinda.Etom@yopmail.com,False
710,Ariela,Randene,Ariela.Randene@yopmail.com,True
711,Fidelia,Vernier,Fidelia.Vernier@yopmail.com,False
712,Ermengarde,Belanger,Ermengarde.Belanger@yopmail.com,True
713,Miquela,Girardo,Miquela.Girardo@yopmail.com,False
714,Janenna,Poppy,Janenna.Poppy@yopmail.com,False
715,Correy,Gilmour,Correy.Gilmour@yopmail.com,True
716,Clary,Salvidor,Clary.Salvidor@yopmail.com,True
717,Zia,Sancho,Zia.Sancho@yopmail.com,False
718,Mureil,Brenn,Mureil.Brenn@yopmail.com,False
719,Carolina,Felizio,Carolina.Felizio@yopmail.com,False
720,Bee,Waldron,Bee.Waldron@yopmail.com,False
721,Justinn,Oscar,Justinn.Oscar@yopmail.com,True
722,Verla,Keelia,Verla.Keelia@yopmail.com,True
723,Kaja,Sheng,Kaja.Sheng@yopmail.com,False
724,Charlena,Ader,Charlena.Ader@yopmail.com,False
725,Ezmeralda,Verger,Ezmeralda.Verger@yopmail.com,True
726,Genovera,Bakerman,Genovera.Bakerman@yopmail.com,True
727,Merci,Bouchard,Merci.Bouchard@yopmail.com,False
728,Bernie,Federica,Bernie.Federica@yopmail.com,True
729,Madalyn,Shama,Madalyn.Shama@yopmail.com,False
730,Tonia,Bergman,Tonia.Bergman@yopmail.com,False
731,Consuela,Joseph,Consuela.Joseph@yopmail.com,True
732,Trixi,Ralfston,Trixi.Ralfston@yopmail.com,True
733,Donnie,Socha,Donnie.Socha@yopmail.com,False
734,Selma,Boycey,Selma.Boycey@yopmail.com,False
735,Sidoney,Hollingsworth,Sidoney.Hollingsworth@yopmail.com,True
736,Cherilyn,Hourigan,Cherilyn.Hourigan@yopmail.com,True
737,Gaylene,Philipp,Gaylene.Philipp@yopmail.com,True
738,Hayley,Krystle,Hayley.Krystle@yopmail.com,False
739,Carilyn,Natalia,Carilyn.Natalia@yopmail.com,False
740,Concettina,Lipson,Concettina.Lipson@yopmail.com,True
741,Trixi,Fulmer,Trixi.Fulmer@yopmail.com,True
742,Tiffie,Marlie,Tiffie.Marlie@yopmail.com,True
743,Gloria,Urias,Gloria.Urias@yopmail.com,True
744,Corene,Nelsen,Corene.Nelsen@yopmail.com,False
745,Evita,Colyer,Evita.Colyer@yopmail.com,False
746,Katuscha,Florina,Katuscha.Florina@yopmail.com,False
747,Molli,Taam,Molli.Taam@yopmail.com,False
748,Darci,Amadas,Darci.Amadas@yopmail.com,True
749,Margalo,Leifeste,Margalo.Leifeste@yopmail.com,True
750,Juliane,Melleta,Juliane.Melleta@yopmail.com,True
751,Korrie,Urias,Korrie.Urias@yopmail.com,True
752,Bettine,Ivens,Bettine.Ivens@yopmail.com,False
753,Gertrud,Remmer,Gertrud.Remmer@yopmail.com,False
754,Alie,Hashim,Alie.Hashim@yopmail.com,False
755,Bobinette,Diann,Bobinette.Diann@yopmail.com,False
756,Laure,Edee,Laure.Edee@yopmail.com,True
757,Lyssa,Tice,Lyssa.Tice@yopmail.com,True
758,Cyndie,Secrest,Cyndie.Secrest@yopmail.com,False
759,Glynnis,Santoro,Glynnis.Santoro@yopmail.com,False
760,Emma,Gavrila,Emma.Gavrila@yopmail.com,False
761,Perry,Viddah,Perry.Viddah@yopmail.com,True
762,Augustine,Primalia,Augustine.Primalia@yopmail.com,True
763,Camile,Hedve,Camile.Hedve@yopmail.com,True
764,Renie,Tryck,Renie.Tryck@yopmail.com,False
765,Tilly,Eugenia,Tilly.Eugenia@yopmail.com,False
766,Chere,Syd,Chere.Syd@yopmail.com,True
767,Dale,Moseley,Dale.Moseley@yopmail.com,True
768,Zia,Yuille,Zia.Yuille@yopmail.com,False
769,Ruthe,Teddman,Ruthe.Teddman@yopmail.com,True
770,Lolita,Emanuel,Lolita.Emanuel@yopmail.com,True
771,Chloris,An,Chloris.An@yopmail.com,False
772,Susan,Ashely,Susan.Ashely@yopmail.com,False
773,Calla,Arquit,Calla.Arquit@yopmail.com,False
774,Georgina,Vacuva,Georgina.Vacuva@yopmail.com,False
775,Corry,Jerold,Corry.Jerold@yopmail.com,True
776,Silvana,Lorenz,Silvana.Lorenz@yopmail.com,True
777,Adele,Chandler,Adele.Chandler@yopmail.com,True
778,Dominga,Fulmer,Dominga.Fulmer@yopmail.com,False
779,Nickie,Bollay,Nickie.Bollay@yopmail.com,False
780,Tori,Colp,Tori.Colp@yopmail.com,False
781,Lorie,Othilia,Lorie.Othilia@yopmail.com,True
782,Dagmar,McLaughlin,Dagmar.McLaughlin@yopmail.com,False
783,Gretal,Kat,Gretal.Kat@yopmail.com,True
784,Gusty,Leler,Gusty.Leler@yopmail.com,True
785,Randa,Toffic,Randa.Toffic@yopmail.com,True
786,Chrystel,Kaete,Chrystel.Kaete@yopmail.com,False
787,Wendi,Buckler,Wendi.Buckler@yopmail.com,False
788,Joeann,Stephie,Joeann.Stephie@yopmail.com,True
789,Cherilyn,Adlare,Cherilyn.Adlare@yopmail.com,True
790,Stephanie,Larochelle,Stephanie.Larochelle@yopmail.com,False
791,Bill,Adore,Bill.Adore@yopmail.com,False
792,Sallie,Tamar,Sallie.Tamar@yopmail.com,False
793,Nessie,Strephon,Nessie.Strephon@yopmail.com,False
794,Danny,Malina,Danny.Malina@yopmail.com,False
795,Ermengarde,Dulciana,Ermengarde.Dulciana@yopmail.com,True
796,Oralee,Sandye,Oralee.Sandye@yopmail.com,True
797,Ivett,Thilda,Ivett.Thilda@yopmail.com,True
798,Benita,Cavan,Benita.Cavan@yopmail.com,False
799,Sharlene,Masao,Sharlene.Masao@yopmail.com,False
800,Lulita,Anselmi,Lulita.Anselmi@yopmail.com,True
801,Berta,Lesley,Berta.Lesley@yopmail.com,False
802,Ariela,Donoghue,Ariela.Donoghue@yopmail.com,True
803,Glenda,Nadia,Glenda.Nadia@yopmail.com,True
804,Elise,Arquit,Elise.Arquit@yopmail.com,True
805,Annabela,Fink,Annabela.Fink@yopmail.com,False
806,Noelle,Podvin,Noelle.Podvin@yopmail.com,False
807,Magdalena,Kat,Magdalena.Kat@yopmail.com,True
808,Judy,Erminia,Judy.Erminia@yopmail.com,False
809,Norine,Sigfrid,Norine.Sigfrid@yopmail.com,True
810,Valeda,Bronk,Valeda.Bronk@yopmail.com,False
811,Antonietta,Dituri,Antonietta.Dituri@yopmail.com,False
812,Marcelline,Lilybelle,Marcelline.Lilybelle@yopmail.com,True
813,Flory,Stilwell,Flory.Stilwell@yopmail.com,False
814,Luci,Alrich,Luci.Alrich@yopmail.com,True
815,Gisela,Daveta,Gisela.Daveta@yopmail.com,False
816,Janis,Brackely,Janis.Brackely@yopmail.com,False
817,Elie,Dom,Elie.Dom@yopmail.com,False
818,Gale,Aida,Gale.Aida@yopmail.com,False
819,Millie,Leopold,Millie.Leopold@yopmail.com,False
820,Hallie,Aprile,Hallie.Aprile@yopmail.com,False
821,Jobi,Hutchison,Jobi.Hutchison@yopmail.com,True
822,Chere,Zachary,Chere.Zachary@yopmail.com,False
823,Carolina,Alisia,Carolina.Alisia@yopmail.com,False
824,Delilah,Richers,Delilah.Richers@yopmail.com,True
825,Tera,Bennie,Tera.Bennie@yopmail.com,False
826,Maud,Alrich,Maud.Alrich@yopmail.com,True
827,Nessie,Kolnick,Nessie.Kolnick@yopmail.com,True
828,Cyb,Secrest,Cyb.Secrest@yopmail.com,False
829,Nickie,Sherrie,Nickie.Sherrie@yopmail.com,True
830,Helsa,Dorcy,Helsa.Dorcy@yopmail.com,True
831,Sybille,Primalia,Sybille.Primalia@yopmail.com,True
832,Meg,Ummersen,Meg.Ummersen@yopmail.com,True
833,Winifred,Graig,Winifred.Graig@yopmail.com,True
834,Violet,Thomasina,Violet.Thomasina@yopmail.com,False
835,Elfreda,Schroth,Elfreda.Schroth@yopmail.com,False
836,Neila,Shaver,Neila.Shaver@yopmail.com,False
837,Basia,Faust,Basia.Faust@yopmail.com,True
838,Dode,Swanhildas,Dode.Swanhildas@yopmail.com,False
839,Liana,Hull,Liana.Hull@yopmail.com,True
840,Codie,Felecia,Codie.Felecia@yopmail.com,True
841,Ulrike,Haymes,Ulrike.Haymes@yopmail.com,False
842,Nyssa,Stelle,Nyssa.Stelle@yopmail.com,True
843,Shaylyn,Zola,Shaylyn.Zola@yopmail.com,True
844,Ardeen,Berl,Ardeen.Berl@yopmail.com,False
845,Barbi,Faust,Barbi.Faust@yopmail.com,True
846,Valera,Pozzy,Valera.Pozzy@yopmail.com,True
847,Ellette,Boycey,Ellette.Boycey@yopmail.com,False
848,Cordi,Laverne,Cordi.Laverne@yopmail.com,True
849,Allyce,Hillel,Allyce.Hillel@yopmail.com,True
850,Cassandra,LaRue,Cassandra.LaRue@yopmail.com,True
851,Bibby,Natalia,Bibby.Natalia@yopmail.com,True
852,Belva,Uund,Belva.Uund@yopmail.com,True
853,Nikki,Ellord,Nikki.Ellord@yopmail.com,False
854,Teriann,Gaulin,Teriann.Gaulin@yopmail.com,True
855,Sadie,Kravits,Sadie.Kravits@yopmail.com,True
856,Frieda,Aldric,Frieda.Aldric@yopmail.com,False
857,Mureil,Jethro,Mureil.Jethro@yopmail.com,True
858,Gwyneth,Bates,Gwyneth.Bates@yopmail.com,False
859,Nananne,Desai,Nananne.Desai@yopmail.com,False
860,Sophia,Diann,Sophia.Diann@yopmail.com,True
861,Wendi,Schonfeld,Wendi.Schonfeld@yopmail.com,False
862,Wendi,Meli,Wendi.Meli@yopmail.com,False
863,Nickie,Swigart,Nickie.Swigart@yopmail.com,True
864,Rhoda,Kress,Rhoda.Kress@yopmail.com,False
865,Dianemarie,Ophelia,Dianemarie.Ophelia@yopmail.com,False
866,Amii,Septima,Amii.Septima@yopmail.com,False
867,Rosabelle,Krystle,Rosabelle.Krystle@yopmail.com,True
868,Mireielle,Taima,Mireielle.Taima@yopmail.com,True
869,Marika,Woodberry,Marika.Woodberry@yopmail.com,True
870,Marline,Yam,Marline.Yam@yopmail.com,True
871,Annaliese,Nickola,Annaliese.Nickola@yopmail.com,False
872,Carlie,Mathilde,Carlie.Mathilde@yopmail.com,False
873,Lucy,Thar,Lucy.Thar@yopmail.com,False
874,Andree,Kravits,Andree.Kravits@yopmail.com,False
875,Maridel,Tice,Maridel.Tice@yopmail.com,True
876,Sharlene,Margarete,Sharlene.Margarete@yopmail.com,False
877,Natka,Swanhildas,Natka.Swanhildas@yopmail.com,True
878,Ardenia,Sparhawk,Ardenia.Sparhawk@yopmail.com,False
879,Randa,Longfellow,Randa.Longfellow@yopmail.com,True
880,Tiffie,Chaing,Tiffie.Chaing@yopmail.com,False
881,Linzy,Orlene,Linzy.Orlene@yopmail.com,True
882,Jessamyn,Georas,Jessamyn.Georas@yopmail.com,True
883,Asia,Azeria,Asia.Azeria@yopmail.com,False
884,Edyth,Graig,Edyth.Graig@yopmail.com,False
885,Olivette,Chinua,Olivette.Chinua@yopmail.com,False
886,Janenna,Lilas,Janenna.Lilas@yopmail.com,True
887,Romona,Maples,Romona.Maples@yopmail.com,False
888,Dorice,Jagir,Dorice.Jagir@yopmail.com,True
889,Karlee,Elo,Karlee.Elo@yopmail.com,False
890,Camile,Mayeda,Camile.Mayeda@yopmail.com,False
891,Gratia,Catie,Gratia.Catie@yopmail.com,False
892,Genevra,Xerxes,Genevra.Xerxes@yopmail.com,False
893,Bobinette,Izaak,Bobinette.Izaak@yopmail.com,True
894,Ilse,Sherfield,Ilse.Sherfield@yopmail.com,False
895,Livvyy,Fink,Livvyy.Fink@yopmail.com,True
896,Molli,Adalbert,Molli.Adalbert@yopmail.com,False
897,Lolita,Christine,Lolita.Christine@yopmail.com,True
898,Gloria,Colp,Gloria.Colp@yopmail.com,False
899,Trudie,Morehouse,Trudie.Morehouse@yopmail.com,False
900,Jere,Hilbert,Jere.Hilbert@yopmail.com,False
901,Aili,Hathaway,Aili.Hathaway@yopmail.com,False
902,Joceline,Sancho,Joceline.Sancho@yopmail.com,True
903,Atlanta,Marisa,Atlanta.Marisa@yopmail.com,False
904,Averyl,Dash,Averyl.Dash@yopmail.com,True
905,Giustina,Gino,Giustina.Gino@yopmail.com,True
906,Alie,Ackerley,Alie.Ackerley@yopmail.com,False
907,Mamie,Ummersen,Mamie.Ummersen@yopmail.com,True
908,Christian,O'Rourke,Christian.O'Rourke@yopmail.com,True
909,Catharine,Lasley,Catharine.Lasley@yopmail.com,True
910,Gwenneth,Lilybelle,Gwenneth.Lilybelle@yopmail.com,True
911,Kellen,Wildermuth,Kellen.Wildermuth@yopmail.com,False
912,Codie,Johnsson,Codie.Johnsson@yopmail.com,False
913,Bobinette,Serilda,Bobinette.Serilda@yopmail.com,True
914,Sashenka,Peg,Sashenka.Peg@yopmail.com,False
915,Jacenta,Simmonds,Jacenta.Simmonds@yopmail.com,True
916,Oralee,Gert,Oralee.Gert@yopmail.com,False
917,Brena,Sheedy,Brena.Sheedy@yopmail.com,False
918,Cam,Nahum,Cam.Nahum@yopmail.com,True
919,Gerianna,Percy,Gerianna.Percy@yopmail.com,True
920,Chandra,Maisey,Chandra.Maisey@yopmail.com,True
921,Kirbee,Toffic,Kirbee.Toffic@yopmail.com,True
922,Concettina,Gualtiero,Concettina.Gualtiero@yopmail.com,False
923,Darlleen,Fleeta,Darlleen.Fleeta@yopmail.com,True
924,Cherrita,Nore,Cherrita.Nore@yopmail.com,True
925,Rosene,Kauppi,Rosene.Kauppi@yopmail.com,False
926,Ellette,Phaidra,Ellette.Phaidra@yopmail.com,False
927,Jenda,Sperling,Jenda.Sperling@yopmail.com,True
928,Jennica,Dunkin,Jennica.Dunkin@yopmail.com,True
929,Marinna,Irmine,Marinna.Irmine@yopmail.com,False
930,Janeczka,Judye,Janeczka.Judye@yopmail.com,False
931,Hildegaard,Croix,Hildegaard.Croix@yopmail.com,True
932,Sadie,Ariella,Sadie.Ariella@yopmail.com,False
933,Alex,Arvo,Alex.Arvo@yopmail.com,False
934,Mireielle,Simmonds,Mireielle.Simmonds@yopmail.com,True
935,Wilma,Maurine,Wilma.Maurine@yopmail.com,False
936,Melisent,Wittie,Melisent.Wittie@yopmail.com,False
937,Queenie,Byrne,Queenie.Byrne@yopmail.com,True
938,Averyl,Kaete,Averyl.Kaete@yopmail.com,False
939,Tonia,Torray,Tonia.Torray@yopmail.com,True
940,Hayley,Belanger,Hayley.Belanger@yopmail.com,True
941,Ilse,August,Ilse.August@yopmail.com,False
942,Ardeen,Dituri,Ardeen.Dituri@yopmail.com,True
943,Maridel,Stelle,Maridel.Stelle@yopmail.com,False
944,Phedra,Bach,Phedra.Bach@yopmail.com,False
945,Judy,Nisbet,Judy.Nisbet@yopmail.com,False
946,Yetty,Christal,Yetty.Christal@yopmail.com,False
947,Hildegaard,Voletta,Hildegaard.Voletta@yopmail.com,False
948,Camile,Granoff,Camile.Granoff@yopmail.com,True
949,Sharai,Naor,Sharai.Naor@yopmail.com,False
950,Ursulina,Desai,Ursulina.Desai@yopmail.com,False
951,Dale,Mike,Dale.Mike@yopmail.com,True
952,Clo,Jena,Clo.Jena@yopmail.com,True
953,Binny,Kolnick,Binny.Kolnick@yopmail.com,True
954,Marsiella,Ivens,Marsiella.Ivens@yopmail.com,False
955,Dorothy,Couture,Dorothy.Couture@yopmail.com,True
956,Inga,Anastatius,Inga.Anastatius@yopmail.com,True
957,Eadie,Leifeste,Eadie.Leifeste@yopmail.com,True
958,Kellen,Sharl,Kellen.Sharl@yopmail.com,True
959,Laure,Gilbertson,Laure.Gilbertson@yopmail.com,False
960,Courtnay,Alarise,Courtnay.Alarise@yopmail.com,True
961,Merry,Olympium,Merry.Olympium@yopmail.com,False
962,Helena,Greyson,Helena.Greyson@yopmail.com,False
963,Emilia,Meter,Emilia.Meter@yopmail.com,False
964,Petronia,Wind,Petronia.Wind@yopmail.com,True
965,Tomasina,Soneson,Tomasina.Soneson@yopmail.com,False
966,Kimmy,Honoria,Kimmy.Honoria@yopmail.com,False
967,Carmela,Chapland,Carmela.Chapland@yopmail.com,False
968,Briney,Hedve,Briney.Hedve@yopmail.com,False
969,Alie,Lauraine,Alie.Lauraine@yopmail.com,True
970,Sarette,Alexandr,Sarette.Alexandr@yopmail.com,True
971,Kassey,Aurelio,Kassey.Aurelio@yopmail.com,True
972,Britte,Ariella,Britte.Ariella@yopmail.com,False
973,Ulrike,Dawkins,Ulrike.Dawkins@yopmail.com,True
974,Lenna,Codding,Lenna.Codding@yopmail.com,False
975,Camile,Bevin,Camile.Bevin@yopmail.com,True
976,Atlanta,Haerr,Atlanta.Haerr@yopmail.com,True
977,Demetris,Paine,Demetris.Paine@yopmail.com,True
978,Misha,Eben,Misha.Eben@yopmail.com,True
979,Gilda,Estella,Gilda.Estella@yopmail.com,True
980,Tierney,Hailee,Tierney.Hailee@yopmail.com,False
981,Pierette,Olin,Pierette.Olin@yopmail.com,True
982,Georgina,Kimmie,Georgina.Kimmie@yopmail.com,True
983,Charissa,Loring,Charissa.Loring@yopmail.com,False
984,Julieta,Swigart,Julieta.Swigart@yopmail.com,False
985,Oralee,Ardra,Oralee.Ardra@yopmail.com,False
986,Janis,Ailyn,Janis.Ailyn@yopmail.com,False
987,Inga,Gert,Inga.Gert@yopmail.com,False
988,Elsie,Nerita,Elsie.Nerita@yopmail.com,True
989,Shell,Stevy,Shell.Stevy@yopmail.com,True
990,Ruthe,Angelis,Ruthe.Angelis@yopmail.com,False
991,Trudie,Kelula,Trudie.Kelula@yopmail.com,False
992,Codie,Read,Codie.Read@yopmail.com,False
993,Teddie,Erminia,Teddie.Erminia@yopmail.com,False
994,Gerianna,Voletta,Gerianna.Voletta@yopmail.com,True
995,Mireielle,Taima,Mireielle.Taima@yopmail.com,False
996,Jackie,Alcott,Jackie.Alcott@yopmail.com,False
997,Sharai,Oster,Sharai.Oster@yopmail.com,False
998,Loree,Lutero,Loree.Lutero@yopmail.com,False
999,Ellette,Raimondo,Ellette.Raimondo@yopmail.com,True
1000,Roslyn,Jacobah,Roslyn.Jacobah@yopmail.com,False
1001,Marinna,Slifka,Marinna.Slifka@yopmail.com,False
1002,Larine,Gaulin,Larine.Gaulin@yopmail.com,True
1003,Sidoney,Barrus,Sidoney.Barrus@yopmail.com,False
1004,Genevra,Maisey,Genevra.Maisey@yopmail.com,True
1005,Emmey,Knowling,Emmey.Knowling@yopmail.com,False
1006,Karly,Raffo,Karly.Raffo@yopmail.com,True
1007,Jobi,Joseph,Jobi.Joseph@yopmail.com,False
1008,Nicoli,Wallis,Nicoli.Wallis@yopmail.com,True
1009,Jsandye,Ingra,Jsandye.Ingra@yopmail.com,False
1010,Allis,Virgin,Allis.Virgin@yopmail.com,False
1011,Elbertina,Evvie,Elbertina.Evvie@yopmail.com,False
1012,Clementine,Brodench,Clementine.Brodench@yopmail.com,False
1013,Merci,Lucienne,Merci.Lucienne@yopmail.com,True
1014,Micheline,Autrey,Micheline.Autrey@yopmail.com,False
1015,Ronna,Terrence,Ronna.Terrence@yopmail.com,True
1016,Jerry,Gillan,Jerry.Gillan@yopmail.com,True
1017,Jsandye,Terencio,Jsandye.Terencio@yopmail.com,False
1018,Babita,Gower,Babita.Gower@yopmail.com,False
1019,Karina,McNully,Karina.McNully@yopmail.com,True
1020,Latisha,Charmine,Latisha.Charmine@yopmail.com,False
1021,Allis,Olin,Allis.Olin@yopmail.com,True
1022,Kassey,McAdams,Kassey.McAdams@yopmail.com,True
1023,Jacenta,Garlinda,Jacenta.Garlinda@yopmail.com,False
1024,Gale,Remmer,Gale.Remmer@yopmail.com,True
1025,Drucie,Carbo,Drucie.Carbo@yopmail.com,False
1026,Grier,Suzetta,Grier.Suzetta@yopmail.com,True
1027,Aeriela,Cottle,Aeriela.Cottle@yopmail.com,False
1028,Tarra,Ehrman,Tarra.Ehrman@yopmail.com,False
1029,Yvonne,Heisel,Yvonne.Heisel@yopmail.com,True
1030,Marleah,Clara,Marleah.Clara@yopmail.com,True
1031,Jerry,Malvino,Jerry.Malvino@yopmail.com,False
1032,Giustina,Cottle,Giustina.Cottle@yopmail.com,True
1033,Madalyn,Brackely,Madalyn.Brackely@yopmail.com,True
1034,Roxane,Cottle,Roxane.Cottle@yopmail.com,True
1035,Myrtice,Linehan,Myrtice.Linehan@yopmail.com,True
1036,Blake,Melleta,Blake.Melleta@yopmail.com,False
1037,Tatiania,Hull,Tatiania.Hull@yopmail.com,False
1038,Danny,Ochs,Danny.Ochs@yopmail.com,False
1039,Lesly,Nore,Lesly.Nore@yopmail.com,True
1040,Elyssa,Fiester,Elyssa.Fiester@yopmail.com,False
1041,Maye,Tamsky,Maye.Tamsky@yopmail.com,True
1042,Alejandra,Chinua,Alejandra.Chinua@yopmail.com,False
1043,Nelle,Zamora,Nelle.Zamora@yopmail.com,False
1044,Valeda,Stefa,Valeda.Stefa@yopmail.com,True
1045,Liana,Ailyn,Liana.Ailyn@yopmail.com,True
1046,Candi,Medrek,Candi.Medrek@yopmail.com,False
1047,Tracey,Stefa,Tracey.Stefa@yopmail.com,False
1048,Tera,Voletta,Tera.Voletta@yopmail.com,True
1049,Florencia,Felecia,Florencia.Felecia@yopmail.com,True
1050,Jorry,Karna,Jorry.Karna@yopmail.com,True
1051,Minne,Hertzfeld,Minne.Hertzfeld@yopmail.com,False
1052,Frieda,Reinke,Frieda.Reinke@yopmail.com,False
1053,Jenilee,Alrich,Jenilee.Alrich@yopmail.com,True
1054,Minne,Sawtelle,Minne.Sawtelle@yopmail.com,True
1055,Johna,Astra,Johna.Astra@yopmail.com,False
1056,Elfreda,McAdams,Elfreda.McAdams@yopmail.com,False
1057,Marita,Aloise,Marita.Aloise@yopmail.com,False
1058,Philis,Tayib,Philis.Tayib@yopmail.com,False
1059,Nataline,Trinetta,Nataline.Trinetta@yopmail.com,True
1060,Jemie,Alisia,Jemie.Alisia@yopmail.com,False
1061,Debee,Ferino,Debee.Ferino@yopmail.com,True
1062,Jackie,Vale,Jackie.Vale@yopmail.com,True
1063,Rosabelle,Stanwood,Rosabelle.Stanwood@yopmail.com,True
1064,Tamqrah,Gale,Tamqrah.Gale@yopmail.com,False
1065,Vivia,Westphal,Vivia.Westphal@yopmail.com,True
1066,Yetty,Pitt,Yetty.Pitt@yopmail.com,True
1067,Anthia,Moseley,Anthia.Moseley@yopmail.com,False
1068,Sadie,Terrence,Sadie.Terrence@yopmail.com,True
1069,Carolina,Zrike,Carolina.Zrike@yopmail.com,True
1070,Lorne,Anton,Lorne.Anton@yopmail.com,True
1071,Joy,Fontana,Joy.Fontana@yopmail.com,True
1072,Natka,Dominy,Natka.Dominy@yopmail.com,True
1073,Josephine,Lea,Josephine.Lea@yopmail.com,False
1074,Vanessa,Herrera,Vanessa.Herrera@yopmail.com,True
1075,Karena,Simmonds,Karena.Simmonds@yopmail.com,True
1076,Christian,Uird,Christian.Uird@yopmail.com,True
1077,Sashenka,Fosque,Sashenka.Fosque@yopmail.com,False
1078,Brynna,Seessel,Brynna.Seessel@yopmail.com,True
1079,Sybille,Izaak,Sybille.Izaak@yopmail.com,True
1080,Ketti,Heidt,Ketti.Heidt@yopmail.com,True
1081,Elie,Weide,Elie.Weide@yopmail.com,True
1082,Hettie,Markman,Hettie.Markman@yopmail.com,False
1083,Peri,Merell,Peri.Merell@yopmail.com,True
1084,Eugine,Jacobah,Eugine.Jacobah@yopmail.com,False
1085,Ebonee,Zola,Ebonee.Zola@yopmail.com,False
1086,Gwenneth,Love,Gwenneth.Love@yopmail.com,True
1087,Loree,Marsden,Loree.Marsden@yopmail.com,False
1088,Helsa,Bendick,Helsa.Bendick@yopmail.com,True
1089,Leona,Hirsch,Leona.Hirsch@yopmail.com,True
1090,Arlina,Couture,Arlina.Couture@yopmail.com,True
1091,Janey,Erlandson,Janey.Erlandson@yopmail.com,True
1092,Shel,Thunell,Shel.Thunell@yopmail.com,False
1093,Roberta,Bluh,Roberta.Bluh@yopmail.com,True
1094,Consuela,Uird,Consuela.Uird@yopmail.com,False
1095,Ekaterina,Medrek,Ekaterina.Medrek@yopmail.com,True
1096,Kathi,Junie,Kathi.Junie@yopmail.com,True
1097,Gaylene,Wattenberg,Gaylene.Wattenberg@yopmail.com,False
1098,Phedra,Goddard,Phedra.Goddard@yopmail.com,False
1099,Evita,Anton,Evita.Anton@yopmail.com,True